{
  "train_loss": [
    1.3658495594787599,
    0.9418418385696411,
    0.7770521327590942,
    0.6699868479537964,
    0.609517678451538,
    0.5613841275405884,
    0.526292307395935,
    0.42048579025268557,
    0.3930468918323517,
    0.37341554517745973,
    0.3572448857402801,
    0.33840748282909394,
    0.329289661359787,
    0.3190452876281738,
    0.2530740912771225,
    0.23848263503074646,
    0.2265352377986908,
    0.21828187054634093,
    0.20734600511550905,
    0.20031566452503205,
    0.192764469704628,
    0.16081089239358903,
    0.14479486869335176,
    0.14114712551116942,
    0.13700821565389634,
    0.13064694525241852,
    0.12438055273532868,
    0.12583072040319443,
    0.10281256089568139,
    0.09903423729896546
  ],
  "train_acc": [
    0.50178,
    0.66716,
    0.73254,
    0.7677,
    0.79256,
    0.80786,
    0.8209,
    0.85738,
    0.86644,
    0.87114,
    0.87666,
    0.88452,
    0.8874,
    0.89212,
    0.91468,
    0.91888,
    0.92478,
    0.9264,
    0.93044,
    0.93252,
    0.93492,
    0.94686,
    0.95234,
    0.95316,
    0.9549,
    0.95652,
    0.95882,
    0.95844,
    0.967,
    0.96816
  ],
  "val_loss": [
    1.3356363679885863,
    1.2349947692871093,
    0.7587870780944824,
    0.6831169834136963,
    0.6633759637832641,
    0.6694917129516602,
    0.5988351396560669,
    0.5044579625606537,
    0.4944264624118805,
    0.6067853763580322,
    0.48600452303886416,
    0.46021718983650206,
    0.47807663564682007,
    0.4308333042144775,
    0.34139171154499054,
    0.3394147597312927,
    0.35407163200378416,
    0.3844891346931458,
    0.31334573986530306,
    0.3318640762090683,
    0.3452718539714813,
    0.30651994032859803,
    0.302054776763916,
    0.30274661898612976,
    0.3236360200881958,
    0.3052188562631607,
    0.32792778644561765,
    0.30275319566726683,
    0.2947380938529968,
    0.2968930679321289
  ],
  "val_acc": [
    0.5575,
    0.5889,
    0.7389,
    0.7604,
    0.7757,
    0.7762,
    0.7962,
    0.8309,
    0.8311,
    0.8086,
    0.8395,
    0.8483,
    0.8451,
    0.8621,
    0.8874,
    0.8882,
    0.8881,
    0.874,
    0.8989,
    0.8912,
    0.8917,
    0.9048,
    0.9041,
    0.9034,
    0.8974,
    0.9083,
    0.897,
    0.905,
    0.9098,
    0.9111
  ]
}